{"prob_true": [0.0, 0.0, 0.0, 0.0, 0.0, 0.0, 0.2, 0.9333333333333333], "prob_pred": [0.00043212079132596654, 0.000648383388761431, 0.0009626962050485115, 0.0013839055240775148, 0.002051162246304254, 0.005419008620083332, 0.12435779385268689, 0.9562074740727743], "brier_score": 0.03700882941484451}