{"train_sizes": [38, 76, 115, 153, 192, 230, 268, 307, 345, 384], "train_scores_mean": [1.0, 1.0, 1.0, 1.0, 1.0, 1.0, 1.0, 1.0, 1.0, 1.0], "train_scores_std": [0.0, 0.0, 0.0, 0.0, 0.0, 4.965068306494546e-17, 0.0, 0.0, 4.965068306494546e-17, 0.0], "val_scores_mean": [0.936231121214959, 0.9770906730648136, 0.9862653508701114, 0.9859949043022802, 0.9796927726989437, 0.9849273265670563, 0.9841747585356166, 0.989168251671925, 0.9867920354696729, 0.9900170502433212], "val_scores_std": [0.021086529751181846, 0.013290615342100038, 0.007186614426628031, 0.007009986760212012, 0.021740037476313367, 0.010042637048429443, 0.013133865312454451, 0.010288535122323528, 0.011451925451258843, 0.008954590542451808]}