{
  "XGBoost": {
    "accuracy": 0.9666666666666667,
    "precision": 0.9333333333333333,
    "recall": 0.8235294117647058,
    "f1_score": 0.875,
    "auc_roc": 0.980011422044546,
    "brier_score": 0.03700882941484451,
    "cv_auc_5fold": 0.9907696182747608
  },
  "LightGBM": {
    "accuracy": 0.9583333333333334,
    "precision": 0.875,
    "recall": 0.8235294117647058,
    "f1_score": 0.8484848484848485,
    "auc_roc": 0.9788692175899486,
    "brier_score": 0.039939950762613335,
    "cv_auc_5fold": 0.9842821298595614
  },
  "Random Forest": {
    "accuracy": 0.95,
    "precision": 0.8235294117647058,
    "recall": 0.8235294117647058,
    "f1_score": 0.8235294117647058,
    "auc_roc": 0.9708737864077669,
    "brier_score": 0.043711908150977405,
    "cv_auc_5fold": 0.9873815282572261
  },
  "Logistic Regression": {
    "accuracy": 0.925,
    "precision": 0.7222222222222222,
    "recall": 0.7647058823529411,
    "f1_score": 0.7428571428571429,
    "auc_roc": 0.9771559109080525,
    "brier_score": 0.05444623656203042,
    "cv_auc_5fold": 0.9784509789358452
  }
}