{"fpr": [0.0, 0.0, 0.0, 0.009708737864077669, 0.009708737864077669, 0.08737864077669903, 0.08737864077669903, 0.0970873786407767, 0.0970873786407767, 1.0], "tpr": [0.0, 0.058823529411764705, 0.47058823529411764, 0.47058823529411764, 0.8235294117647058, 0.8235294117647058, 0.8823529411764706, 0.8823529411764706, 1.0, 1.0], "thresholds": [Infinity, 0.9992066025733948, 0.99418044090271, 0.9934982061386108, 0.6499484777450562, 0.08007434010505676, 0.048690032213926315, 0.016971081495285034, 0.013151313178241253, 0.0002841484674718231]}